Workbook

Sheet Daily Comparison Log
A1: Date | B1: Time | C1: Day | D1: Call OI (Your) | E1: Call OI (GEX) | F1: Call OI Diff | G1: Pos GEX (Your) | H1: Pos GEX (GEX) | I1: Pos GEX Diff | J1: Zero Gamma (Your) | K1: Zero Gamma (GEX) | L1: Zero Gamma Diff | M1: Neg GEX (Your) | N1: Neg GEX (GEX) | O1: Neg GEX Diff | P1: Put OI (Your) | Q1: Put OI (GEX) | R1: Put OI Diff | S1: Avg Diff (QQQ) | T1: Avg Diff (NQ) | U1: Status | V1: Notes
A2: 45959 | B2: 09:00 | C2: Wed | D2: 635 | E2: 635 | F2: =E2-D2 -> 0 | G2: 635 | H2: 635 | I2: =H2-G2 -> 0 | J2: 631.35 | K2: 633.38 | L2: =K2-J2 -> 2.03 | M2: 636 | N2: 633 | O2: =N2-M2 -> -3 | P2: 620 | Q2: 620 | R2: =Q2-P2 -> 0 | S2: =AVERAGE(ABS(F2),ABS(I2),ABS(L2),ABS(O2),ABS(R2)) -> 1.006 | T2: =S2*41.35 -> 41.5981 | U2: =IF(S2<=1,"✅ Excellent",IF(S2<=2,"⚠️ Good","❌ Check")) -> ⚠️ Good | V2: Perfect match on 4/5 levels
A3: 45960 | C3: Thu | F3: =E3-D3 -> 0 | I3: =H3-G3 -> 0 | L3: =K3-J3 -> 0 | O3: =N3-M3 -> 0 | R3: =Q3-P3 -> 0 | S3: =AVERAGE(ABS(F3),ABS(I3),ABS(L3),ABS(O3),ABS(R3)) -> 0 | T3: =S3*41.35 -> 0 | U3: =IF(S3<=1,"✅ Excellent",IF(S3<=2,"⚠️ Good","❌ Check")) -> ✅ Excellent
A4: 45961 | C4: Fri | F4: =E4-D4 -> 0 | I4: =H4-G4 -> 0 | L4: =K4-J4 -> 0 | O4: =N4-M4 -> 0 | R4: =Q4-P4 -> 0 | S4: =AVERAGE(ABS(F4),ABS(I4),ABS(L4),ABS(O4),ABS(R4)) -> 0 | T4: =S4*41.35 -> 0 | U4: =IF(S4<=1,"✅ Excellent",IF(S4<=2,"⚠️ Good","❌ Check")) -> ✅ Excellent
A5: 45964 | C5: Mon | F5: =E5-D5 -> 0 | I5: =H5-G5 -> 0 | L5: =K5-J5 -> 0 | O5: =N5-M5 -> 0 | R5: =Q5-P5 -> 0 | S5: =AVERAGE(ABS(F5),ABS(I5),ABS(L5),ABS(O5),ABS(R5)) -> 0 | T5: =S5*41.35 -> 0 | U5: =IF(S5<=1,"✅ Excellent",IF(S5<=2,"⚠️ Good","❌ Check")) -> ✅ Excellent
A6: 45965 | C6: Tue | F6: =E6-D6 -> 0 | I6: =H6-G6 -> 0 | L6: =K6-J6 -> 0 | O6: =N6-M6 -> 0 | R6: =Q6-P6 -> 0 | S6: =AVERAGE(ABS(F6),ABS(I6),ABS(L6),ABS(O6),ABS(R6)) -> 0 | T6: =S6*41.35 -> 0 | U6: =IF(S6<=1,"✅ Excellent",IF(S6<=2,"⚠️ Good","❌ Check")) -> ✅ Excellent
A7: 45966 | C7: Wed | F7: =E7-D7 -> 0 | I7: =H7-G7 -> 0 | L7: =K7-J7 -> 0 | O7: =N7-M7 -> 0 | R7: =Q7-P7 -> 0 | S7: =AVERAGE(ABS(F7),ABS(I7),ABS(L7),ABS(O7),ABS(R7)) -> 0 | T7: =S7*41.35 -> 0 | U7: =IF(S7<=1,"✅ Excellent",IF(S7<=2,"⚠️ Good","❌ Check")) -> ✅ Excellent
A8: 45967 | C8: Thu | F8: =E8-D8 -> 0 | I8: =H8-G8 -> 0 | L8: =K8-J8 -> 0 | O8: =N8-M8 -> 0 | R8: =Q8-P8 -> 0 | S8: =AVERAGE(ABS(F8),ABS(I8),ABS(L8),ABS(O8),ABS(R8)) -> 0 | T8: =S8*41.35 -> 0 | U8: =IF(S8<=1,"✅ Excellent",IF(S8<=2,"⚠️ Good","❌ Check")) -> ✅ Excellent
A9: 45968 | C9: Fri | F9: =E9-D9 -> 0 | I9: =H9-G9 -> 0 | L9: =K9-J9 -> 0 | O9: =N9-M9 -> 0 | R9: =Q9-P9 -> 0 | S9: =AVERAGE(ABS(F9),ABS(I9),ABS(L9),ABS(O9),ABS(R9)) -> 0 | T9: =S9*41.35 -> 0 | U9: =IF(S9<=1,"✅ Excellent",IF(S9<=2,"⚠️ Good","❌ Check")) -> ✅ Excellent
A10: 45971 | C10: Mon | F10: =E10-D10 -> 0 | I10: =H10-G10 -> 0 | L10: =K10-J10 -> 0 | O10: =N10-M10 -> 0 | R10: =Q10-P10 -> 0 | S10: =AVERAGE(ABS(F10),ABS(I10),ABS(L10),ABS(O10),ABS(R10)) -> 0 | T10: =S10*41.35 -> 0 | U10: =IF(S10<=1,"✅ Excellent",IF(S10<=2,"⚠️ Good","❌ Check")) -> ✅ Excellent
A11: 45972 | C11: Tue | F11: =E11-D11 -> 0 | I11: =H11-G11 -> 0 | L11: =K11-J11 -> 0 | O11: =N11-M11 -> 0 | R11: =Q11-P11 -> 0 | S11: =AVERAGE(ABS(F11),ABS(I11),ABS(L11),ABS(O11),ABS(R11)) -> 0 | T11: =S11*41.35 -> 0 | U11: =IF(S11<=1,"✅ Excellent",IF(S11<=2,"⚠️ Good","❌ Check")) -> ✅ Excellent
A12: 45973 | C12: Wed | F12: =E12-D12 -> 0 | I12: =H12-G12 -> 0 | L12: =K12-J12 -> 0 | O12: =N12-M12 -> 0 | R12: =Q12-P12 -> 0 | S12: =AVERAGE(ABS(F12),ABS(I12),ABS(L12),ABS(O12),ABS(R12)) -> 0 | T12: =S12*41.35 -> 0 | U12: =IF(S12<=1,"✅ Excellent",IF(S12<=2,"⚠️ Good","❌ Check")) -> ✅ Excellent
A13: 45974 | C13: Thu | F13: =E13-D13 -> 0 | I13: =H13-G13 -> 0 | L13: =K13-J13 -> 0 | O13: =N13-M13 -> 0 | R13: =Q13-P13 -> 0 | S13: =AVERAGE(ABS(F13),ABS(I13),ABS(L13),ABS(O13),ABS(R13)) -> 0 | T13: =S13*41.35 -> 0 | U13: =IF(S13<=1,"✅ Excellent",IF(S13<=2,"⚠️ Good","❌ Check")) -> ✅ Excellent
A14: 45975 | C14: Fri | F14: =E14-D14 -> 0 | I14: =H14-G14 -> 0 | L14: =K14-J14 -> 0 | O14: =N14-M14 -> 0 | R14: =Q14-P14 -> 0 | S14: =AVERAGE(ABS(F14),ABS(I14),ABS(L14),ABS(O14),ABS(R14)) -> 0 | T14: =S14*41.35 -> 0 | U14: =IF(S14<=1,"✅ Excellent",IF(S14<=2,"⚠️ Good","❌ Check")) -> ✅ Excellent
F15: =E15-D15 -> 0 | I15: =H15-G15 -> 0 | L15: =K15-J15 -> 0 | O15: =N15-M15 -> 0 | R15: =Q15-P15 -> 0 | S15: =AVERAGE(ABS(F15),ABS(I15),ABS(L15),ABS(O15),ABS(R15)) -> 0 | T15: =S15*41.35 -> 0 | U15: =IF(S15<=1,"✅ Excellent",IF(S15<=2,"⚠️ Good","❌ Check")) -> ✅ Excellent

Sheet Trading Performance
A1: Date | B1: Time | C1: Trade # | D1: Direction | E1: Entry Price | F1: Exit Price | G1: P&L (pts) | H1: Level Used | I1: Source | J1: Notes | K1: Win/Loss
A2: 2025-10-29 | B2: 10:15 | C2: 1 | D2: Long | E2: 20250 | F2: 20275 | G2: 25 | H2: Pos GEX | I2: API | J2: Bounced perfectly off Pos GEX level | K2: Win
A25: SUMMARY
A26: Total Trades: | B26: =COUNTA(C2:C24) -> 1
A27: Wins: | B27: =COUNTIF(K2:K24,"Win") -> 1
A28: Losses: | B28: =COUNTIF(K2:K24,"Loss") -> 0
A29: Win Rate: | B29: =B27/B26 -> 1
A30: Total P&L: | B30: =SUM(G2:G24) -> 25
A32: API Trades: | B32: =COUNTIF(I2:I24,"API") -> 1
A33: GEXstream Trades: | B33: =COUNTIF(I2:I24,"GEXstream") -> 0

Sheet Summary Dashboard
A1: Phase 4: Parallel Testing Summary
A3: KEY METRICS
A4: Testing Days: | B4: =COUNTA('Daily Comparison Log'!A2:A95) -> 13
A5: Average Difference (QQQ): | B5: =AVERAGE('Daily Comparison Log'!S2:S95) -> 0.071857143
A6: Average Difference (NQ pts): | B6: =AVERAGE('Daily Comparison Log'!T2:T95) -> 2.9712929
A7: Days with Perfect Match: | B7: =COUNTIF('Daily Comparison Log'!S2:S95,"<=1") -> 13
A8: Days within 2pt: | B8: =COUNTIF('Daily Comparison Log'!S2:S95,"<=2") -> 14
A11: DECISION CRITERIA
A13: Question: Are API levels comparable to GEXStream?
A14: Target: Average difference ≤ $2 QQQ (≤ 80 NQ pts)
A15: Current Status: | B15: =IF(B5<=2,"✅ YES - Proceed to Phase 5","❌ NO - Debug needed") -> ✅ YES - Proceed to Phase 5
A18: TRADING PERFORMANCE
A20: Total Trades: | B20: ='Trading Performance'!B26 -> 1
A21: Win Rate: | B21: ='Trading Performance'!B29 -> 1
A22: Total P&L: | B22: ='Trading Performance'!B30 -> 25
A25: NOTES & OBSERVATIONS
A27: What's working well:
A28: What needs improvement:
A29: Issues encountered:
A30: Decision to proceed:

Sheet Instructions
A2: DAILY WORKFLOW:
A4: 1. Every morning at 9:00 AM:
A5: - Run: run_gex.bat (or manually run fetch + calculate scripts)
A6: - Open GEXstream.com
A7: - Record both sets of levels in 'Daily Comparison Log' sheet
A9: 2. During trading (9:30 AM - 12:00 PM):
A10: - Take trades based on your chosen levels (API or GEXstream)
A11: - Log each trade in 'Trading Performance' sheet
A12: - Note which system's levels you used
A14: 3. End of day:
A15: - Review the 'Daily Comparison Log' for accuracy
A16: - Add notes about what you observed
... A47: - If you see patterns in differences, note them for debugging
